{
  "Nz": 860,
  "zmin": -1e-05,
  "zmax": 3e-05,
  "Nr": 50,
  "rmax": 2e-05,
  "Nm": 4,
  "p_zmin": 2.5e-05,
  "p_rmax": 1.8e-05,
  "n_e": 4e+24,
  "p_nz": 2,
  "p_nr": 2,
  "p_nt": 4,
  "a0": 4.0,
  "w0": 5e-06,
  "ctau": 5e-06,
  "z0": 1.5e-05,
  "p_zmax": 0.0005,
  "p_rmin": 0.0,
  "ramp_start": 3e-05,
  "ramp_length": 4e-05,
  "L_interact": 0.0,
  "diag_period": 215,
  "dt": 1.5514609078983819e-16,
  "T_interact": 1.3342563807926084e-13,
  "N_step": 860
}